id;name;email;phone;address
1;self-reliant ack;Madalyn99@hotmail.com;(950) 679-0882 x0881;privilege forenenst whack
2;bah amongst;Levi87@hotmail.com;548.687.8103;nervous though
3;when tightly;Lillian51@gmail.com;(393) 747-9903;mmm
4;drat gadzooks;Krystel99@hotmail.com;857-591-2242 x183;up
5;hastily before chow;Dolly87@hotmail.com;814.482.4946;heating yuck prime
6;instructive phew pro;Antonia.Johnson@hotmail.com;235.776.6946 x12715;consistency
7;into;Kenna_Mohr@gmail.com;1-499-868-4044;tenderly nicely yum
8;republican wash qua;Odessa94@gmail.com;391-308-4496;clumsy mount
9;unethically big;Deontae.Fay-Shields12@yahoo.com;(256) 906-1503 x36384;ugh
10;supposing;Sven_Roob@hotmail.com;(719) 946-2302;webbed trained
