id;first_name;last_name;email;phone;address
1;Anna;Jacobs;Claudine_Feil@yahoo.com;435.262.8993;sans thoroughly substantial
2;Jarret;King;Ana27@yahoo.com;850.354.5765;until bravely
3;Emil;Jerde;Alfonzo64@gmail.com;536-355-9896;retrospectivity
4;Adaline;Schmitt;Sonia_Bogan86@gmail.com;956-385-7275;phooey atop quadruple
5;Drake;Lemke;Kamryn29@gmail.com;540.616.1561 x63306;instead terrorise
6;Waldo;Lakin;Astrid.Buckridge@yahoo.com;735.920.5750 x9586;from
7;Alexander;Ondricka;Frida.Koss91@gmail.com;(615) 851-3803 x76882;near underachieve cinder
8;Reva;Johnson;Elroy_Ebert3@yahoo.com;(973) 454-3982 x390;ceramic
9;Diego;Klein;Desmond_Boyle@gmail.com;908.890.2360 x19493;each chilly after
10;Malvina;Willms;Paris88@yahoo.com;1-562-401-0265 x3221;boo anti
